Question,Response,Correctness,Summarization,Relevancy,ContextualRelevancy,Hallucination
在这次转会窗口，巴塞罗那计划如何处理财政问题以引进Amadou Onana？,根据查询结果，巴塞罗那计划处理财政问题以引进Amadou Onana的方法是考虑签约预算选项，寻找价格较低的质量球员。这种方法使他们有可能在不超出财务限制的情况下引进球员，如Amadou Onana。以下是一些预算转会选项，巴塞罗那可以考虑作为下一个签约对象：Aboubakary Koita（毛里塔尼亚）、Logan Costa（佛得角）、Lamine Camara（塞内加尔）和Kamory Doumbia（马里）。埃弗顿的Amadou Onana的价格标签为50万欧元，这一高估值可能会对巴塞罗那构成挑战，因为他们倾向于寻找市场上更便宜的选项以遵守财务公平竞赛规则。巴塞罗那的策略是通过签约较低费用或自由球员来签约球员，正如他们之前签约的Oriol Romeu（320万欧元）、Ilkay Gundogan和Inigo Martinez等自由球员。Amadou Onana的显著价格标签可能会使巴塞罗那难以追求他，考虑到他们的财务限制和对经济实惠签约的偏好。尽管Oriol Romeu请求离开，但巴塞罗那不会让他离开，因为他们目前面临着九名一线队球员受伤的困境。这一障碍，加上有限的时间和财力找到替代球员，阻止了巴塞罗那允许Romeu离开。,0.398320614688621,0.0,0.75,0.16666666666666666,1.0
Karim Benzema在沙特阿拉伯遇到了哪些问题，这对他和俱乐部有何影响？,"Karim Benzema encountered unhappiness with his new surroundings in Saudi Arabia, leading to reports of interest from Arsenal, Manchester United, and Chelsea. Despite scoring 12 goals in 20 games, he dismissed claims of a move back to Europe as false. This situation could potentially affect both Benzema and the Saudi Pro League side as his dissatisfaction may impact his performance and commitment to the team.

Regarding Real Madrid, they are not considering bringing back Karim Benzema.",0.8107917371230362,0,0.8,0.4,0.6666666666666666
曼联球员Lisandro Martinez受伤后，球队的战术和阵容发生了什么变化？,根据提供的信息，曼联在与西汉姆联队的英超比赛中，曼联球员Lisandro Martinez受伤后被拉菲尔·瓦拉内替换。目前尚不清楚Martinez的伤势严重程度，这对曼联来说是一个挫折，因为Martinez刚刚从长时间的伤病中恢复。球队和球迷对这一伤情感到失望，埃里克·滕哈格对Martinez可能再次长时间伤停表示担忧。Martinez的缺席将对曼联产生重大影响，因为他被视为曼联的关键球员，无论是在防守端还是在球队的组织进攻中。Martinez的伤情对曼联的战术和阵容产生的影响尚待观察，球队将在应对这一挑战时做出调整。,0.6400197565773225,0.0,1.0,0.5,0.8333333333333334
Ferran Torres在比赛中向一名癌症患者致敬，这对球员和球迷有何意义？,"Ferran Torres paying tribute to a cancer patient during a match is significant as it showcases his compassion and empathy towards others, especially those going through difficult times. This gesture not only demonstrates his kindness and generosity as a player but also helps in building a positive image for him among fans, earning their admiration and support.

In terms of improvements to become a world-class forward, recent analysis suggests that Ferran Torres can work on his shot accuracy and finishing, as he often struggles to convert chances from excellent positions. Additionally, he needs to enhance his positioning on the pitch to provide the necessary overload and outlet for his team. By focusing on these areas, Ferran Torres could elevate his performance and potentially reach the level of a world-class forward.",0.7582110017651649,0,0.4,0.3333333333333333,0.8
为什么Takehiro Tomiyasu在对阵West Ham United的比赛中缺席？他何时可能会重返阵容？,Takehiro Tomiyasu missed the match against West Ham United due to being unavailable because of a minor issue. He is expected to return before Arsenal's crucial Champions League Round of 16 tie against FC Porto.,0.8769266188077444,0,1.0,0.5,0.6666666666666666
巴塞罗那被Villarreal重创后，他们与皇马的积分差多少？这对巴萨的联赛前景有何影响？,根据提供的信息，巴塞罗那与皇马的积分差是12分。这对巴萨的联赛前景可能会受到影响，因为他们在主场以3-5失利，主教练宣布辞职，同时球队存在诸多问题，包括罗伯特·莱万多夫斯基状态下滑和加维受伤等。,0.7195489657555867,0.0,1.0,0.2,1.0
Cole Palmer在切尔西对阵水晶宫的比赛中表现出色，他提到了Mauricio Pochettino在胜利中的作用是什么？,"Mauricio Pochettino played a significant role in Cole Palmer's performance in the match against Crystal Palace by providing guidance and support. Pochettino emphasized the importance of confidence, better ball control, quicker play, and sticking together as a team. He also credited an early goal for settling the match and highlighted the need for consistency and continuous improvement for the team.",0.8068910683279487,0.0,1.0,0.3333333333333333,0.8
在对阵阿斯顿维拉的比赛中，切尔西的球迷建议的终极阵容是什么？,"根据提到的信息：

- 对阵阿斯顿维拉的比赛中，切尔西球迷建议的终极阵容可能包括：Petrovic在门将位置，Gilchrist、Gallagher、Badiashile和Sterling在防守线，Caicedo和Palmer在中场，Chilwell、Broja和Madueke在进攻位置。

- 在与西汉姆联对阵布莱顿、影响力足球运动员和阿森纳对阵水晶宫的文章中提到的关键球员包括：对于西汉姆联对阵布莱顿，关键球员是Declan Rice、Martin Odegaard和Bukayo Saka。在影响力足球运动员方面，重点提到了Dani Carvajal、Isco、Ferran Torres、Artem Dovbyk和Kirian Rodriguez。而在阿森纳对阵水晶宫的比赛中，关键球员是Declan Rice、Martin Odegaard和Bukayo Saka。",0.18467856761416515,0,0.5,0.0,0.3333333333333333
在对阵托特纳姆热刺的比赛中，曼联球迷对马库斯·拉什福德的表现有什么意见？,"根据球迷的看法：

- 曼联球迷对马库斯·拉什福德在对阵托特纳姆热刺的比赛中的表现持批评态度。他们提到拉什福德表现得像是认为自己是姆巴佩，经常试图个人突破来进球。此外，他们强调拉什福德不为球队付出努力，缺乏成为精英前锋三人组的能力。

- 西汉姆球迷认为贾罗德·鲍恩在对阵谢菲联的比赛中表现出色。",0.47458651299789095,0.0,0.75,0.3333333333333333,1.0
吉安路易吉·布冯表示在他职业生涯中哪个前锋对他造成了最大的痛苦？,吉安路易吉·布冯表示在他职业生涯中，克里斯蒂亚诺·罗纳尔多对他造成了最大的痛苦。,0.8572514110438391,0.0,1.0,0.0,1.0
切尔西的蒂亚戈·席尔瓦在对阵水晶宫的比赛中做了什么冒险行为？,在对阵水晶宫的比赛中，蒂亚戈·席尔瓦参与了一项冒险行为，他冒着受伤的风险阻止了水晶宫前锋马特塔的射门。比赛的最终比分是切尔西以4-2获胜。,0.7678319065879196,0,1.0,0.0,1.0
2023年斯坦福桥的比赛中，哪位球员在第71分钟进球使阿斯顿维拉战胜切尔西？,Ollie Watkins scored in the 71st minute to help Aston Villa defeat Chelsea in the 2023 match at Stamford Bridge.,0.9701642105003275,0,1.0,0.0,1.0
切尔西在2024年足总杯第三轮中以4-0战胜了哪支球队？,切尔西在2024年足总杯第三轮中以4-0战胜了普雷斯顿北端队。,0.740895744152077,0,1.0,0.0,1.0
在2024年2月初对阵埃弗顿的比赛中，阿斯顿维拉取得了什么结果？,阿斯顿维拉在2024年2月初对阵埃弗顿的比赛中取得了胜利。,0.76636539054335,0.0,1.0,0.0,1.0
切尔西在2024年与阿斯顿维拉的比赛中，预计最有可能的比分是什么？,根据提供的信息，2024年切尔西对阵曼城的比赛没有提供最有可能的比分预测。而对于2024年西汉姆对布莱顿的比赛，最有可能的预测是西汉姆获胜，西汉姆在1万次数据模拟中获胜的概率为40.1%，而布莱顿获胜的概率为31.5%。,0.3058067348057461,0.0,0.5,0.16666666666666666,0.5
2024年利物浦对阵阿森纳的比赛中，克洛普是否对达尔文·努涅斯不上场感到后悔？,根据提供的信息，克洛普在2024年利物浦对阵阿森纳的比赛中后悔没有让达尔文·努涅斯上场。,0.8563549591817463,0.0,0.5,0.0,1.0
克洛普在2024年对阵阿森纳的比赛中，提到球队应该如何提高？,"克洛普在2024年对阵阿森纳的比赛中提出了以下建议：
1. 应该在比赛早期立即进行替补，以唤醒球员并提高他们的逼抢和整体表现。
2. 他强调了需要严厉的爱和在比赛中更主动和警觉的重要性。

而Zinchenko在Timber即将康复时提到：
1. 他知道如何处理竞争，并强调需要更加努力工作。
2. 他强调了专注于团队，并努力成为每天最好的自己的重要性。",0.612577739459457,0,0.5,0.0,1.0
康纳·加拉格尔在2024年对阵水晶宫的比赛中打进了多少球？,根据提供的信息，没有关于康纳·加拉格尔在2024年对阵水晶宫比赛中进球的信息。,0.386988699117626,0.0,0.5,0.0,1.0
康纳·加拉格尔在对阵水晶宫的比赛中，被评为比赛最佳球员后提到了什么关于主教练的战术调整？,Connor Gallagher mentioned that the coach provided more structure in their half of the pitch to create more chances and instructed the two strikers to make more runs in behind to create more space.,0.9109629551890626,0.0,1.0,0.16666666666666666,1.0
梅西、苏亚雷斯、阿尔巴和布斯克茨在2024年为哪支球队展示了他们的出色配合？,"Messi, Suarez, Alba, and Busquets showcased their excellent chemistry for Inter Miami in 2024. Additionally, Barcelona lost the match against Villarreal with a score of 5-3 and they are currently eight points behind Real Madrid in the league standings.",0.21157441797125914,0.0,0.0,0.0,1.0
